invoice_amount,received_amount
8089.384942583544,8618.34926591011
11193.036225457334,8474.789546577951
7170.1237020030085,5290.536810754495
9063.0373109326,9646.76585032292
14579.860005809885,6398.560362222465
11820.68363369686,13422.22055814979
12226.344444625322,12592.418596102856
12354.329218206245,1335.720500321806
3255.628709979568,9496.914278701834
2437.2371750090524,11958.072392155054
