{"block_size": 16, "entropy_values": [4.23568828292489, 3.640409555430379, 3.806623043475918, 3.658544771884296, 3.4087254998502172, 3.5024340114082806, 3.423105231386372, 3.2896038014710762, 3.312932617646717, 3.248125643685365, 3.2303917623615788, 3.4425391181423466, 3.5027572843813277, 3.7286321428803104, 3.8968484181573593, 4.575457715104475, 4.103642038762591, 3.7556719299179564, 3.588054619324146, 3.683371461370898, 3.4046794564387097, 3.5366424294821, 3.026764825268717, 3.4419705142438706, 3.520300532804597, 3.4154354454112714, 3.551109575820259, 3.6002896526339994, 3.5419688152441577, 3.77007707542215, 3.5139898971176833, 4.495853178792325, 4.284050558240672, 3.276519736822025, 3.534151601469813, 3.413895632022356, 3.194110494048979, 3.383494163315002, 3.2326828466192814, 3.2106272493161416, 3.349417585681814, 3.0051919567547767, 3.233262391240092, 3.459416930397813, 3.293077154896538, 3.344575811984508, 3.3922101564154232, 4.068476113869028, 4.320758296919941, 3.279870516344812, 3.5119485684293306, 2.9073646075167976, 2.724866563187825, 2.324669620958591, 2.127034473816191, 2.4748329349699385, 2.337504649983159, 2.515184424718154, 2.9565955579036465, 2.8523142613596715, 2.6066656223876405, 2.8947153565615804, 2.686321174887311, 3.7757114553130897, 3.959916924919523, 3.134319806657423, 2.9582988769205105, 2.6090983551511613, 2.5737601361426563, 1.9497473717082754, 1.8753515593629757, 1.5306757545632306, 1.9336162446388059, 3.8751954352220173, 5.8860167205577145, 4.871479403426304, 4.805992869131307, 2.167479213657683, 2.452459746832658, 3.6426036269517, 3.7761616154553055, 2.617408010699593, 2.8005652835166526, 1.9883289693472779, 1.637348255051466, 1.7179036365252607, 1.4261994082884974, 1.4801140144524934, 2.786226412123642, 6.581687769823008, 6.767182642549659, 6.682006479543708, 6.816769056804977, 3.7349577425959906, 1.7380711230040693, 3.2680413251122733, 3.892086432560171, 2.3519473194872345, 2.392506004027668, 1.4751042196946709, 1.4350247998515255, 1.569787190432796, 1.4027375677821283, 1.448710315657122, 3.9724683658260425, 6.546103409038616, 6.693378529309109, 6.8415679456549645, 6.586690750935348, 6.196539230609759, 1.6377815272401328, 3.0516728941998403, 3.7212622358784793, 2.1714424358790136, 1.9350450222557194, 1.3663146570363986, 1.2627317300909384, 1.2475562489182659, 1.619888351662371, 1.6166641495757859, 4.702416646872731, 5.5039360342847905, 6.42126686208536, 6.388781215193109, 6.043769207763147, 6.440479412049622, 2.171969721510402, 2.521446945801582, 3.5946835720947248, 2.1373710899094642, 1.4758919738340057, 1.3893557466791862, 1.4404272549083053, 1.3543370204656968, 1.4056390622295665, 1.4276315711073062, 4.59432074610789, 5.54867128438735, 6.211454030725861, 5.830312076724288, 5.932491547301483, 6.610796826828308, 2.7792625346933466, 2.423052176329249, 3.7089722741248004, 2.954273289243045, 1.85720452637494, 1.4535595716790146, 2.2147575546598057, 2.4791463853847113, 0.9971803988942642, 1.6218037615720966, 4.406628310307088, 5.2749276706616115, 6.707822512227123, 6.254318776179163, 6.652202078799281, 6.54541059608159, 2.3678987869631407, 3.2624152829291067, 4.98497616190619, 6.5816252212644, 6.348886686253403, 6.491715822647231, 6.545273910881011, 6.215684086760787, 1.2911002747979619, 1.4947849455167193, 2.7095066034614534, 5.809560473559046, 6.714120888934526, 6.668822560785729, 6.763254655138621, 5.623555608474748, 3.259269942737315, 4.074787455272543, 4.945943567645291, 6.936651697179558, 6.3304030928320785, 5.048792648480103, 5.419036220301718, 5.810827670678618, 1.7782489845174854, 3.1542307081356666, 5.259048712698543, 5.8198594863617865, 5.592857935984166, 5.603839105709428, 5.730222588666547, 6.32272705339395, 5.868903896905669, 5.792417892676773, 5.107230083271017, 6.7844852188889995, 6.806397876992268, 6.7511049944984345, 6.57948363342918, 6.39180642439044, 1.564490019639255, 2.5449286588653046, 5.2569257576300945, 4.90249377439288, 4.563849185297169, 5.498368089184634, 5.150279598067723, 5.827832921519791, 5.289792123095669, 5.123500653817946, 6.0256590197518864, 5.794950224845133, 6.425159293422664, 6.5590688247377695, 5.997651737187413, 6.205591321613815, 1.4404272549083053, 2.4900545139938877, 5.52277985257802, 5.686570764159928, 5.551986663400536, 5.756158057858428, 5.88068016502915, 6.163845106418497, 5.58410313536784, 5.592880018032959, 5.683618791159072, 6.353813600347206, 5.638270576325729, 5.566070290325352, 5.964144520413508, 6.123487903667755, 2.9861755490198165, 3.64805802642524, 5.687470659402775, 5.7652630024695775, 5.463342647522957, 5.644276489967244, 5.700087368926702, 5.379728934399525, 5.156202442252113, 4.983316816448321, 5.530786325085998, 5.713598193778168, 5.3430333973160895, 5.195286236375397, 5.068953677948062, 5.446000446955932, 3.8632600238687624, 3.6628386034363585, 4.038240767429776, 5.662603246515765, 5.568546071892689, 5.374603511438178, 5.234751484519391, 4.911697309717793, 5.43717139063468, 5.763769030849209], "coords": [[0, 0], [0, 16], [0, 32], [0, 48], [0, 64], [0, 80], [0, 96], [0, 112], [0, 128], [0, 144], [0, 160], [0, 176], [0, 192], [0, 208], [0, 224], [0, 240], [16, 0], [16, 16], [16, 32], [16, 48], [16, 64], [16, 80], [16, 96], [16, 112], [16, 128], [16, 144], [16, 160], [16, 176], [16, 192], [16, 208], [16, 224], [16, 240], [32, 0], [32, 16], [32, 32], [32, 48], [32, 64], [32, 80], [32, 96], [32, 112], [32, 128], [32, 144], [32, 160], [32, 176], [32, 192], [32, 208], [32, 224], [32, 240], [48, 0], [48, 16], [48, 32], [48, 48], [48, 64], [48, 80], [48, 96], [48, 112], [48, 128], [48, 144], [48, 160], [48, 176], [48, 192], [48, 208], [48, 224], [48, 240], [64, 0], [64, 16], [64, 32], [64, 48], [64, 64], [64, 80], [64, 96], [64, 112], [64, 128], [64, 144], [64, 160], [64, 176], [64, 192], [64, 208], [64, 224], [64, 240], [80, 0], [80, 16], [80, 32], [80, 48], [80, 64], [80, 80], [80, 96], [80, 112], [80, 128], [80, 144], [80, 160], [80, 176], [80, 192], [80, 208], [80, 224], [80, 240], [96, 0], [96, 16], [96, 32], [96, 48], [96, 64], [96, 80], [96, 96], [96, 112], [96, 128], [96, 144], [96, 160], [96, 176], [96, 192], [96, 208], [96, 224], [96, 240], [112, 0], [112, 16], [112, 32], [112, 48], [112, 64], [112, 80], [112, 96], [112, 112], [112, 128], [112, 144], [112, 160], [112, 176], [112, 192], [112, 208], [112, 224], [112, 240], [128, 0], [128, 16], [128, 32], [128, 48], [128, 64], [128, 80], [128, 96], [128, 112], [128, 128], [128, 144], [128, 160], [128, 176], [128, 192], [128, 208], [128, 224], [128, 240], [144, 0], [144, 16], [144, 32], [144, 48], [144, 64], [144, 80], [144, 96], [144, 112], [144, 128], [144, 144], [144, 160], [144, 176], [144, 192], [144, 208], [144, 224], [144, 240], [160, 0], [160, 16], [160, 32], [160, 48], [160, 64], [160, 80], [160, 96], [160, 112], [160, 128], [160, 144], [160, 160], [160, 176], [160, 192], [160, 208], [160, 224], [160, 240], [176, 0], [176, 16], [176, 32], [176, 48], [176, 64], [176, 80], [176, 96], [176, 112], [176, 128], [176, 144], [176, 160], [176, 176], [176, 192], [176, 208], [176, 224], [176, 240], [192, 0], [192, 16], [192, 32], [192, 48], [192, 64], [192, 80], [192, 96], [192, 112], [192, 128], [192, 144], [192, 160], [192, 176], [192, 192], [192, 208], [192, 224], [192, 240], [208, 0], [208, 16], [208, 32], [208, 48], [208, 64], [208, 80], [208, 96], [208, 112], [208, 128], [208, 144], [208, 160], [208, 176], [208, 192], [208, 208], [208, 224], [208, 240], [224, 0], [224, 16], [224, 32], [224, 48], [224, 64], [224, 80], [224, 96], [224, 112], [224, 128], [224, 144], [224, 160], [224, 176], [224, 192], [224, 208], [224, 224], [224, 240], [240, 0], [240, 16], [240, 32], [240, 48], [240, 64], [240, 80], [240, 96], [240, 112], [240, 128], [240, 144], [240, 160], [240, 176], [240, 192], [240, 208], [240, 224], [240, 240]]}