{"NPCR": 99.63531494140625, "UACI": 35.55390601064644}