invoice_amount,paid_amount
9976.931429897502,8870.929273445417
4764.228386173421,8828.48554286284
5556.6054811047225,6795.518436006022
6274.9465609273375,7742.906982469022
2790.7118456599696,911.8073321359778
5144.9118120104795,8994.451630433563
9136.137645467637,3237.6347318042767
3219.0430415695073,5521.181664673567
2029.042771117825,8709.725725344695
3816.8670229660725,5295.657339275749
