product_id,unit_cost,units_sold,total_cost
P1,26.366389640992104,448,11812.142559164462
P2,50.822642961405975,346,17584.634464646468
P3,96.76535578509414,284,27481.361042966735
P4,16.45343165802858,480,7897.647195853719
P5,72.74351718916387,463,33680.24845858287
P6,83.09744684596015,278,23101.09022317692
P7,81.59094943203954,209,17052.508431296264
P8,89.72370378079289,453,40644.83781269918
P9,61.3370254595758,216,13248.797499268372
P10,82.43714679882673,375,30913.930049560026
