category,monthly_cost
Salaries,3713.5989629313394
Utilities,4420.755198819772
Rent,2255.4495148034434
Supplies,5694.062309362637
Maintenance,7145.709246784665
Salaries,7041.088713328968
Utilities,1891.2349321751967
Rent,6051.591703105798
Supplies,8053.802121314377
Maintenance,8553.77464706383
